{"47.42.174.188": 1752617110.7957475, "174.100.181.227": 1752617110.7957513}